{
  "version": "1.1.1",
  "windows": {
    "main": {
      "main": true,
      "url": "app://editor/index.html",
      "windowType": "dockable",
      "x": 0,
      "y": 0,
      "width": 1536,
      "height": 824,
      "layout": {
        "children": [
          {
            "children": [
              {
                "active": 0,
                "children": [
                  "hierarchy"
                ],
                "height": 352.1125183105469,
                "type": "panel",
                "width": 245.8000030517578
              },
              {
                "active": 0,
                "children": [
                  "assets"
                ],
                "height": 353.0874938964844,
                "type": "panel",
                "width": 245.8000030517578
              }
            ],
            "height": 707.2000122070312,
            "type": "dock-v",
            "width": 245.8000030517578
          },
          {
            "children": [
              {
                "children": [
                  {
                    "active": 0,
                    "children": [
                      "scene"
                    ],
                    "height": 354.5500183105469,
                    "type": "panel",
                    "width": 585.7250366210938
                  },
                  {
                    "active": 0,
                    "children": [
                      "node-library"
                    ],
                    "height": 354.5500183105469,
                    "type": "panel",
                    "width": 318.13751220703125
                  }
                ],
                "height": 354.5500183105469,
                "type": "dock-h",
                "width": 905.875
              },
              {
                "active": 0,
                "children": [
                  "console",
                  "timeline",
                  "game-window"
                ],
                "height": 350.63751220703125,
                "type": "panel",
                "width": 905.875
              }
            ],
            "height": 707.2000122070312,
            "type": "dock-v",
            "width": 905.875
          },
          {
            "active": 0,
            "children": [
              "inspector",
              "cocos-services"
            ],
            "height": 707.2000122070312,
            "type": "panel",
            "width": 366.7124938964844
          }
        ],
        "type": "dock-h"
      },
      "panels": [
        "hierarchy",
        "assets",
        "node-library",
        "console",
        "timeline",
        "game-window",
        "inspector",
        "cocos-services",
        "scene"
      ]
    }
  },
  "panels": {
    "sprite-editor": {
      "x": 508,
      "y": 128,
      "width": 516,
      "height": 540
    }
  }
}